test_id,severity,title,user_role,scenario,preconditions,test_data,steps,expected_result,actual_result,evidence,assigned_owner,target_resolution_date,retest_result,final_status
AUD-C-001,Critical,Protected-payment ledger is arithmetically and structurally wrong,Client/Finance,Open synthetic payment detail,Deployed client demo,DEMO-PP-2001,"Open client demo; open Protected payments; view DEMO-PP-2001; add all lines","Transport + 10% admin + tax equals displayed protected total; no processing fee","38500 + 3850 + 847 is shown as 39347; platform fee omitted from total and processing fee is included",EV-WEB-007 and client-workspace.js:33-34/92,Finance Engineering,2026-09-10,NOT RUN,OPEN
AUD-C-002,Critical,Missing or nonnumeric cargo weight bypasses safe vehicle matching,Client/Provider safety,Submit without a valid weight,Local temporary DB,"weight omitted; weight='not-a-number'; motorcycle","Call public_booking.submit","Reject with actionable validation and no booking","Both requests accepted as LEGACY_CAPACITY_ONLY with no safety allowance",EV-PROBE-001 and public_booking.py:625-627,Booking Engineering,2026-09-10,NOT RUN,OPEN
AUD-H-001,High,Public frontend has no hosted API,All roles,Attempt real booking/auth/tracking,GitHub Pages,Production config,"Open booking and login pages; inspect config","Functional production APIs","API base is empty off localhost; core workflows cannot complete",EV-WEB-002/003 and config.js,Platform Engineering,2026-09-17,NOT RUN,OPEN
AUD-H-002,High,Concurrent duplicate booking idempotency is not atomic,Client/Operations,Retry same request concurrently,Temporary SQLite,24 callers with same idempotency key,"Submit concurrently; count rows","One row and one durable result","One run persisted two rows; repeat outcome varied",EV-PROBE-006 and public_booking.py:699-704,Booking Engineering,2026-09-10,NOT RUN,OPEN
AUD-H-003,High,Idempotent replay violates response contract,Client/API partner,Retry an accepted booking,Temporary SQLite,Same idempotency key,"Submit concurrently or replay","Same response schema as original","Replay returns tracking projection; callers fail on missing booking_id",EV-PROBE-006,API Engineering,2026-09-10,NOT RUN,OPEN
AUD-H-004,High,Payment states and available actions contradict each other,Client/Provider/Finance,Inspect booking/payment state,Synthetic client demo,LH-001046 and LH-001041,"Open bookings and payment records","State machine exposes only legal actions","Payment Required + Funds Protected + Pay Now; Disputed + Confirm Delivery",EV-WEB-005/006,Payments Engineering,2026-09-10,NOT RUN,OPEN
AUD-H-005,High,No approved live payment/protected-settlement provider,Client/Provider/Finance,Fund and release a booking,External integration required,None,"Inspect live flags and attempt checkout","Authenticated provider transaction and reconciled settlement","Live funds/channels intentionally disabled",Backend flags and readiness docs,Payments/Legal,2026-09-24,NOT RUN,OPEN
AUD-H-006,High,Live GPS POD communication and notifications are unavailable,Client/Driver/Operations,Run an active delivery,External integrations required,None,"Attempt tracking/POD/notification journey","Durable real-time status evidence and retry","Only concepts/synthetic records; providers disabled",EV-WEB-002/010 and readiness docs,Operations Engineering,2026-09-24,NOT RUN,OPEN
AUD-H-007,High,Public support and incident escalation are absent,All roles,Seek help with payment/delivery/privacy,Deployed support page,None,"Open support; find usable contact or case intake","Reachable support channel SLA and escalation","No production phone email ticket form DPO payment escalation or SLA",EV-WEB-011,Customer Operations,2026-09-17,NOT RUN,OPEN
AUD-H-008,High,Terms privacy and protected-payment operating model remain draft,All roles,Review launch policies,Deployed policy page,None,"Open policy sections","Counsel-approved current policies and named contacts","Key terms retention DPO dispute and provider structure are launch-gated",EV-WEB-012,Legal/Privacy,2026-09-24,NOT RUN,OPEN
AUD-H-009,High,Verified-carrier claims lack production official-source integration,Client/Provider/Compliance,Verify CPC/vehicle authority,Production official source required,None,"Inspect claims and integrations","Current auditable LTFRB verification","No live official-source integration is evidenced",Landing claims readiness docs and LTFRB YVC/CPC sources,Compliance,2026-09-24,NOT RUN,OPEN
AUD-H-010,High,Driver registration CTA is a dead end,Driver,Follows Register as a driver,Deployed landing/provider pages,type=DRIVER,"Click CTA; inspect role options","Driver-specific onboarding","Driver option absent; user told to contact fleet/support",EV-WEB-008,Provider Experience,2026-09-17,NOT RUN,OPEN
AUD-H-011,High,Staff password recovery is inert and page exposes developer setup text,Staff,Use forgot password,Deployed staff page,None,"Click/inspect forgot-password link","Secure recovery workflow","Link is #; localStorage/local backend/test-count details are public",EV-WEB-009,Identity Engineering,2026-09-17,NOT RUN,OPEN
AUD-H-012,High,Final service accepts incomplete locations,Client/Driver safety,Submit island-only route,Local temporary DB,10 kg motorcycle booking,"Call public_booking.submit","Reject missing region province city barangay address/map confirmation","Booking accepted and vehicle marked recommended",EV-PROBE-002,Booking Engineering,2026-09-10,NOT RUN,OPEN
AUD-H-013,High,Document pipeline lacks evidenced binary storage and malware controls,Provider/Compliance/Security,Upload identity/vehicle document,Source review,Metadata-only request,"Inspect forms upload and server route","Authenticated storage type/signature scan quarantine and safe download","Route records supplied metadata; content bytes scanning/storage not evidenced",backend/forms.py:950-965 and server.py:1053,Security/Compliance Engineering,2026-09-24,NOT RUN,OPEN
AUD-H-014,High,No production-equivalent pentest load chaos DR or representative UAT evidence,All roles,Approve release,Production-like environment required,None,"Review readiness and evidence repository","Signed security performance recovery accessibility and moderated UAT results","Evidence absent; static/mobile DOM and local unit tests only",Readiness docs and this audit,Release Management,2026-10-08,NOT RUN,OPEN
AUD-H-015,High,Statutory invoices receipts and payout reconciliation are not proven,Client/Provider/Finance,Complete payment settlement refund,Live provider/accounting required,None,"Follow transaction to invoice/export","Every peso reconciles across all records","Download receipt is demo UI; no live statutory/accounting chain",EV-WEB-007 and BIR sources,Finance Engineering,2026-09-24,NOT RUN,OPEN
AUD-M-001,Medium,Primary action terminology is inconsistent,Visitor/Client,Scan booking CTAs,Deployed pages,None,"Compare header hero dashboard footer","One customer-facing term","Book a Service Book a delivery and other labels coexist",EV-WEB-001/002,Product Design,2026-10-01,NOT RUN,OPEN
AUD-M-002,Medium,Password requirements are inconsistent across roles,Client/Provider/Staff,Review password creation/reset,Source and pages,None,"Compare provider guidance and client reset logic","One approved role-aware policy","Provider guidance says 8 characters while client reset requires 10+",Source review,Identity Engineering,2026-10-01,NOT RUN,OPEN
AUD-M-003,Medium,Business-wallet marketing creates regulatory and trust risk,Corporate Client,Review plan/payment language,Deployed booking page,None,"Inspect corporate-plan copy","Only approved provider/payment terminology","Business wallet is advertised while live payment structure is unapproved",Deployed booking DOM and BSP sources,Legal/Product,2026-10-01,NOT RUN,OPEN
AUD-M-004,Medium,Handling options are not contextually reduced,Client,Choose ordinary cargo,Deployed booking form,General boxes,"Inspect handling controls","Only relevant options shown with explanations","All special-handling options remain visible",EV-WEB-002,Booking Experience,2026-10-01,NOT RUN,OPEN
AUD-M-005,Medium,Internal release documents contradict each other,Leadership/Release Management,Determine launch status,Repository docs,None,"Compare RC1 dossier and readiness assessment","One signed source of truth","One says go-live ready with conditions; another says not production-launch-ready",docs/RC1_GO_NO_GO_DOSSIER.md and docs/administration/PRODUCT_READINESS_AND_MARKETPLACE_GAP_ASSESSMENT.md,Release Management,2026-09-17,NOT RUN,OPEN

